油電燃氣,1434,8926,8927,6505,8931,2904,,,,,
水泥,1101,1102,2504,8936,1108,1104,1109,1110,1103,,
大宗物資,1210,1215,1227,1218,1702,4207,1229,1219,,,
食品,1201,1203,1210,1215,1216,1217,1218,,,,
塑膠原料,1301,1303,1305,1304,1308,1309,1310,1312,1313,,
加工絲,1402,1444,1445,4440,,,,,,,
棉紡,1440,4440,,,,,,,,,
尼龍,1314,1434,1447,,,,,,,,
成衣,2915,1417,8916,1477,1476,,,,,,
染整,1470,1463,1410,,,,,,,,
織布,1460,1445,1476,1464,,,,,,,
不織布,9919,9944,1325,6504,,,,,,,
聚酯纖維,1402,1718,1710,,,,,,,,
工具機,4510,4533,6606,4526,,,,,,,
手工具機,1539,1527,1570,1541,,,,,,,
重電,1519,1504,1513,1503,1514,,,,,,
家電,2371,1504,3024,1604,,,,,,,
機械零組件,1589,1560,2049,4552,4532,1590,,,,,
產業機械,4744,1528,6603,,,,,,,,
飛機零組件,2634,8222,2630,4541,3004,4916,6829,2645,4572,6829,
造船,2208,6753,8478,,,,,,,,
電線電纜,1608,1609,1605,1618,1612,1616,,,,,
光固化材料,1711,1721,3430,,,,,,,,
肥料,1708,1722,4148,,,,,,,,
清潔用品,4707,1731,1732,,,,,,,,
農藥,1712,6508,,,,,,,,,
合成樹脂,1316,4770,3708,,,,,,,,
電池材料,4721,4739,5227,,,,,,,,
原料藥,4746,4102,1762,4167,1789,,,,,,
西藥,1795,6535,4114,6472,4130,4123,1760,,,,
新藥研發,6550,6535,6446,4743,4147,6712,4130,4128,,,
生物製劑,6547,4142,4133,4174,,,,,,,
隱形眼鏡,6782,6491,1565,6747,,,,,,,
醫療服務,3218,4139,6662,,,,,,,,
膠帶,6509,4306,8354,,,,,,,,
醫材通路,4164,4104,4175,1788,,,,,,,
基因檢測,4160,6236,6615,,,,,,,,
檢測試劑,4155,4171,4736,,,,,,,,
保健品,1720,8436,3205,1734,1707,,,,,,
藥品通路,4114,4173,6469,8403,,,,,,,
建材,1802,1809,8930,1603,1806,,,,,,
造紙,1905,1907,1904,1909,1903,,,,,,
橡膠原料,2104,2103,2108,,,,,,,,
輪胎,2105,2101,2102,2106,,,,,,,
汽車,2206,2201,2204,6592,2207,2247,,,,,
汽車零組件,6235,4543,1319,1525,3162,2230,1568,1524,4566,1522,6605
3C通路,2347,2430,2450,6154,,,,,,,
IC封測,3711,2329,2449,3265,3264,8150,2441,6271,,,
封測材料,6223,2486,6515,6217,,,,,,,
ABF,3037,3189,8046,,,,,,,,
設計IP,3035,3661,3443,6643,6533,3529,,,,,
MCU,4919,3228,6202,5471,4952,6494,,,,,
IC零組件通路,3232,3702,8112,3028,3033,,,,,,
LED,6288,2486,3714,2393,1611,,,,,,
MLCC,2327,2492,3026,3090,,,,,,,
面板,3481,2409,6116,,,,,,,,
面板設備,5443,2467,3455,8064,,,,,,,
LCD驅動IC,3545,3034,4961,6129,3141,,,,,,
LCM,3038,6167,8105,5315,,,,,,,
USB IC,6104,6233,4966,5269,,,,,,,
分離式元件,5425,2481,2302,3675,8255,8261,,,,,
太陽能,6443,6244,3576,5483,6477,3691,,,,,
電腦版卡,2376,2425,2331,2399,2377,,,,,,
砷化鎵,2455,3105,8086,3081,5222,,,,,,
記憶體,2337,2344,2408,,,,,,,,
矽晶圓,6182,6488,3707,3532,,,,,,,
石英元件,2484,3042,3221,8289,8182,6174
光學鏡頭,3362,3406,3504,6668,3059,6517,3008,3441,,,
感測元件,4974,6789,8249,,,,,,,,
CCL,2383,6213,6274,6672,,,,,,,
PCB,2368,5439,2313,3044,2328,3715,6191,4958,,,
PCB設備,6438,2467,2493,3455,3093,,,,,,
軟板材料,3354,3645,4939,8039,,,,,,,
安全監控,3454,3356,3128,2390,8072,,,,,,
電子支付,3687,5478,6763,,,,,,,,
資安,3029,6245,3564,3664,6416,6690,,,,,
背光板,8085,5371,6176,6120,4935,,,,,,
利基型記憶體,3006,5351,6531,,,,,,,,
記憶體模組,3260,8299,4967,8271,2451,,,,,,
軟板,2402,4958,6269,6153,,,,,,,
散熱,2321,3017,3324,3338,6124,3071,3653,,,,
被動元件,5328,2327,3207,2492,3624,3042,,,,,
無塵室工程,6139,5536,2404,6196,6691,6667,,,,,
無線網路,3380,6285,2332,4906,3558,6470,5388,3596,,,
電腦通路,6118,5386,6776,3213,,,,,,,
電聲,2439,3206,5457,6743,,,,,,,
遊戲,6111,6180,3293,3546,5478,5263,,,,,
模具沖壓,5284,5243,2476,1586,1569,,,,,,
投影機,3504,5371,6225,,,,,,,,
UPS,3043,3617,3628,6409,,,,,,,
天線,3419,3491,6284,3138,,,,,,,
機殼,6235,3013,3032,5465,3540,8210,3325,3693,3508,2354,
視訊,5474,2485,3466,6152,2417,,,,,,
類比IC,6415,6799,6719,6138,2436,6129,3438,6291,,,
變壓器,3207,6821,6109,3191,6292,,,,,,
觸控面板,3673,6456,3049,3622,4729,2429,,,,,
光纖,4979,3025,3363,3163,4977,3704,8048,4908,,,
電子驗證,3138,3289,3587,6146,6830,,,,,,
電子化工,1727,1785,1717,4755,5234,,,,,,
GPS,3306,3499,3632,,,,,,,,
電子商務,6741,5321,8044,8454,5287,,,,,,
車用電子,2497,1533,8255,3128,3552,,,,,,
樞紐,1582,3376,3548,4999,,,,,,,
航空,2610,2618,,,,,,,,,
貨櫃航,2603,2609,2615,,,,,,,,
散裝航,2637,2606,2605,5608,2601,2641,,,,,
物流,2607,5607,2608,2642,5603,,,,,,
旅行社,5706,2731,2734,2743,,,,,,,
飯店,2736,2748,2722,2705,2739,2707,5704,2704,,,
餐飲,2723,2727,2732,2754,2729,2753,1268,,,,
美妝,4137,6703,4190,6523,,,,,,,
百貨,2903,2912,5904,5903,,,,,,,
回收,9955,8422,8440,6581,8341,,,,,,
自行車,8163,9914,9921,8933,6804,,,,,,
運動,1598,1736,1515,8442,,,,,,,
高爾夫,6670,8420,8924,8928,8938,,,,,,
瓶罐,9939,9907,,,,,,,,,
文創,6625,8446,6101,6596,8450,,,,,,
中國能源車,6279,3526,3665,3003,,,,,,,
InP磊晶,3081,2455,3016,,,,,,,,
CPO 模組,6442,4979,4977,6530,3450,4908,,,,,
CPO封裝,3265,6257,6451,3450,,,,,,,
CPO測試界面,6223,6515,,,,,,,,,
CPO 交換器,3380,2345,,,,,,,,,
CPO 連接器,3363,3163,6442,,,,,,,,
導線架,2351,5285,6548,,,,,,,,
半導體設備,3131,3583,6187,8028,3680,,,,,,
探針卡,6515,6223,6510,6683,3217,,,,,,
伺服器BBU,3211,4931,6781,,,,,,,,
高速連接器,3533,2392,,,,,,,,,
伺服器線性滑軌,2059,6584
銅箔玻纖,8358,1815,,,,,,,,,
TGV成孔,1595,7730,4768,8027,6207
TGV填孔,7828,4760
TGV設備,3485,6664,4542
功率半導體-上游材料,3707,3016
功率半導體-IDM,2481,3675,5425,2342,6573
功率半導體-Fabless,6415,6719,7712,8261,6435,6138,5299
功率半導體-封測整合,2351,8255,5222,6525,5285,2441
